"posterior_row_after_burnin","new_column","original_column","identical","max_absolute_difference"
1,1,1,TRUE,0
1,2,2,TRUE,0
1,3,3,TRUE,0
1,4,4,TRUE,0
1,5,5,TRUE,0
1,6,6,TRUE,0
1,7,7,TRUE,0
1,8,8,TRUE,0
1,9,9,TRUE,0
1,10,10,TRUE,0
1,11,11,TRUE,0
1,12,12,TRUE,0
1,13,13,TRUE,0
1,14,14,TRUE,0
1,15,15,TRUE,0
1,16,16,TRUE,0
1,17,17,TRUE,0
1,18,18,TRUE,0
1,19,19,TRUE,0
1,20,20,TRUE,0
1,21,21,TRUE,0
1,22,22,TRUE,0
1,23,23,TRUE,0
1,24,24,TRUE,0
1,25,25,TRUE,0
151,26,26,TRUE,0
151,27,27,TRUE,0
151,28,28,TRUE,0
151,29,29,TRUE,0
151,30,30,TRUE,0
151,31,31,TRUE,0
151,32,32,TRUE,0
151,33,33,TRUE,0
151,34,34,TRUE,0
151,35,35,TRUE,0
151,36,36,TRUE,0
151,37,37,TRUE,0
151,38,38,TRUE,0
151,39,39,TRUE,0
151,40,40,TRUE,0
151,41,41,TRUE,0
151,42,42,TRUE,0
151,43,43,TRUE,0
151,44,44,TRUE,0
151,45,45,TRUE,0
151,46,46,TRUE,0
151,47,47,TRUE,0
151,48,48,TRUE,0
151,49,49,TRUE,0
151,50,50,TRUE,0
301,51,51,TRUE,0
301,52,52,TRUE,0
301,53,53,TRUE,0
301,54,54,TRUE,0
301,55,55,TRUE,0
301,56,56,TRUE,0
301,57,57,TRUE,0
301,58,58,TRUE,0
301,59,59,TRUE,0
301,60,60,TRUE,0
301,61,61,TRUE,0
301,62,62,TRUE,0
301,63,63,TRUE,0
301,64,64,TRUE,0
301,65,65,TRUE,0
301,66,66,TRUE,0
301,67,67,TRUE,0
301,68,68,TRUE,0
301,69,69,TRUE,0
301,70,70,TRUE,0
301,71,71,TRUE,0
301,72,72,TRUE,0
301,73,73,TRUE,0
301,74,74,TRUE,0
301,75,75,TRUE,0
451,76,76,TRUE,0
451,77,77,TRUE,0
451,78,78,TRUE,0
451,79,79,TRUE,0
451,80,80,TRUE,0
451,81,81,TRUE,0
451,82,82,TRUE,0
451,83,83,TRUE,0
451,84,84,TRUE,0
451,85,85,TRUE,0
451,86,86,TRUE,0
451,87,87,TRUE,0
451,88,88,TRUE,0
451,89,89,TRUE,0
451,90,90,TRUE,0
451,91,91,TRUE,0
451,92,92,TRUE,0
451,93,93,TRUE,0
451,94,94,TRUE,0
451,95,95,TRUE,0
451,96,96,TRUE,0
451,97,97,TRUE,0
451,98,98,TRUE,0
451,99,99,TRUE,0
451,100,100,TRUE,0
601,101,101,TRUE,0
601,102,102,TRUE,0
601,103,103,TRUE,0
601,104,104,TRUE,0
601,105,105,TRUE,0
601,106,106,TRUE,0
601,107,107,TRUE,0
601,108,108,TRUE,0
601,109,109,TRUE,0
601,110,110,TRUE,0
601,111,111,TRUE,0
601,112,112,TRUE,0
601,113,113,TRUE,0
601,114,114,TRUE,0
601,115,115,TRUE,0
601,116,116,TRUE,0
601,117,117,TRUE,0
601,118,118,TRUE,0
601,119,119,TRUE,0
601,120,120,TRUE,0
601,121,121,TRUE,0
601,122,122,TRUE,0
601,123,123,TRUE,0
601,124,124,TRUE,0
601,125,125,TRUE,0
751,126,126,TRUE,0
751,127,127,TRUE,0
751,128,128,TRUE,0
751,129,129,TRUE,0
751,130,130,TRUE,0
751,131,131,TRUE,0
751,132,132,TRUE,0
751,133,133,TRUE,0
751,134,134,TRUE,0
751,135,135,TRUE,0
751,136,136,TRUE,0
751,137,137,TRUE,0
751,138,138,TRUE,0
751,139,139,TRUE,0
751,140,140,TRUE,0
751,141,141,TRUE,0
751,142,142,TRUE,0
751,143,143,TRUE,0
751,144,144,TRUE,0
751,145,145,TRUE,0
751,146,146,TRUE,0
751,147,147,TRUE,0
751,148,148,TRUE,0
751,149,149,TRUE,0
751,150,150,TRUE,0
901,151,151,TRUE,0
901,152,152,TRUE,0
901,153,153,TRUE,0
901,154,154,TRUE,0
901,155,155,TRUE,0
901,156,156,TRUE,0
901,157,157,TRUE,0
901,158,158,TRUE,0
901,159,159,TRUE,0
901,160,160,TRUE,0
901,161,161,TRUE,0
901,162,162,TRUE,0
901,163,163,TRUE,0
901,164,164,TRUE,0
901,165,165,TRUE,0
901,166,166,TRUE,0
901,167,167,TRUE,0
901,168,168,TRUE,0
901,169,169,TRUE,0
901,170,170,TRUE,0
901,171,171,TRUE,0
901,172,172,TRUE,0
901,173,173,TRUE,0
901,174,174,TRUE,0
901,175,175,TRUE,0
1051,176,176,TRUE,0
1051,177,177,TRUE,0
1051,178,178,TRUE,0
1051,179,179,TRUE,0
1051,180,180,TRUE,0
1051,181,181,TRUE,0
1051,182,182,TRUE,0
1051,183,183,TRUE,0
1051,184,184,TRUE,0
1051,185,185,TRUE,0
1051,186,186,TRUE,0
1051,187,187,TRUE,0
1051,188,188,TRUE,0
1051,189,189,TRUE,0
1051,190,190,TRUE,0
1051,191,191,TRUE,0
1051,192,192,TRUE,0
1051,193,193,TRUE,0
1051,194,194,TRUE,0
1051,195,195,TRUE,0
1051,196,196,TRUE,0
1051,197,197,TRUE,0
1051,198,198,TRUE,0
1051,199,199,TRUE,0
1051,200,200,TRUE,0
1201,201,201,TRUE,0
1201,202,202,TRUE,0
1201,203,203,TRUE,0
1201,204,204,TRUE,0
1201,205,205,TRUE,0
1201,206,206,TRUE,0
1201,207,207,TRUE,0
1201,208,208,TRUE,0
1201,209,209,TRUE,0
1201,210,210,TRUE,0
1201,211,211,TRUE,0
1201,212,212,TRUE,0
1201,213,213,TRUE,0
1201,214,214,TRUE,0
1201,215,215,TRUE,0
1201,216,216,TRUE,0
1201,217,217,TRUE,0
1201,218,218,TRUE,0
1201,219,219,TRUE,0
1201,220,220,TRUE,0
1201,221,221,TRUE,0
1201,222,222,TRUE,0
1201,223,223,TRUE,0
1201,224,224,TRUE,0
1201,225,225,TRUE,0
1351,226,226,TRUE,0
1351,227,227,TRUE,0
1351,228,228,TRUE,0
1351,229,229,TRUE,0
1351,230,230,TRUE,0
1351,231,231,TRUE,0
1351,232,232,TRUE,0
1351,233,233,TRUE,0
1351,234,234,TRUE,0
1351,235,235,TRUE,0
1351,236,236,TRUE,0
1351,237,237,TRUE,0
1351,238,238,TRUE,0
1351,239,239,TRUE,0
1351,240,240,TRUE,0
1351,241,241,TRUE,0
1351,242,242,TRUE,0
1351,243,243,TRUE,0
1351,244,244,TRUE,0
1351,245,245,TRUE,0
1351,246,246,TRUE,0
1351,247,247,TRUE,0
1351,248,248,TRUE,0
1351,249,249,TRUE,0
1351,250,250,TRUE,0
1501,251,251,TRUE,0
1501,252,252,TRUE,0
1501,253,253,TRUE,0
1501,254,254,TRUE,0
1501,255,255,TRUE,0
1501,256,256,TRUE,0
1501,257,257,TRUE,0
1501,258,258,TRUE,0
1501,259,259,TRUE,0
1501,260,260,TRUE,0
1501,261,261,TRUE,0
1501,262,262,TRUE,0
1501,263,263,TRUE,0
1501,264,264,TRUE,0
1501,265,265,TRUE,0
1501,266,266,TRUE,0
1501,267,267,TRUE,0
1501,268,268,TRUE,0
1501,269,269,TRUE,0
1501,270,270,TRUE,0
1501,271,271,TRUE,0
1501,272,272,TRUE,0
1501,273,273,TRUE,0
1501,274,274,TRUE,0
1501,275,275,TRUE,0
1651,276,276,TRUE,0
1651,277,277,TRUE,0
1651,278,278,TRUE,0
1651,279,279,TRUE,0
1651,280,280,TRUE,0
1651,281,281,TRUE,0
1651,282,282,TRUE,0
1651,283,283,TRUE,0
1651,284,284,TRUE,0
1651,285,285,TRUE,0
1651,286,286,TRUE,0
1651,287,287,TRUE,0
1651,288,288,TRUE,0
1651,289,289,TRUE,0
1651,290,290,TRUE,0
1651,291,291,TRUE,0
1651,292,292,TRUE,0
1651,293,293,TRUE,0
1651,294,294,TRUE,0
1651,295,295,TRUE,0
1651,296,296,TRUE,0
1651,297,297,TRUE,0
1651,298,298,TRUE,0
1651,299,299,TRUE,0
1651,300,300,TRUE,0
1801,301,301,TRUE,0
1801,302,302,TRUE,0
1801,303,303,TRUE,0
1801,304,304,TRUE,0
1801,305,305,TRUE,0
1801,306,306,TRUE,0
1801,307,307,TRUE,0
1801,308,308,TRUE,0
1801,309,309,TRUE,0
1801,310,310,TRUE,0
1801,311,311,TRUE,0
1801,312,312,TRUE,0
1801,313,313,TRUE,0
1801,314,314,TRUE,0
1801,315,315,TRUE,0
1801,316,316,TRUE,0
1801,317,317,TRUE,0
1801,318,318,TRUE,0
1801,319,319,TRUE,0
1801,320,320,TRUE,0
1801,321,321,TRUE,0
1801,322,322,TRUE,0
1801,323,323,TRUE,0
1801,324,324,TRUE,0
1801,325,325,TRUE,0
1951,326,326,TRUE,0
1951,327,327,TRUE,0
1951,328,328,TRUE,0
1951,329,329,TRUE,0
1951,330,330,TRUE,0
1951,331,331,TRUE,0
1951,332,332,TRUE,0
1951,333,333,TRUE,0
1951,334,334,TRUE,0
1951,335,335,TRUE,0
1951,336,336,TRUE,0
1951,337,337,TRUE,0
1951,338,338,TRUE,0
1951,339,339,TRUE,0
1951,340,340,TRUE,0
1951,341,341,TRUE,0
1951,342,342,TRUE,0
1951,343,343,TRUE,0
1951,344,344,TRUE,0
1951,345,345,TRUE,0
1951,346,346,TRUE,0
1951,347,347,TRUE,0
1951,348,348,TRUE,0
1951,349,349,TRUE,0
1951,350,350,TRUE,0
2101,351,351,TRUE,0
2101,352,352,TRUE,0
2101,353,353,TRUE,0
2101,354,354,TRUE,0
2101,355,355,TRUE,0
2101,356,356,TRUE,0
2101,357,357,TRUE,0
2101,358,358,TRUE,0
2101,359,359,TRUE,0
2101,360,360,TRUE,0
2101,361,361,TRUE,0
2101,362,362,TRUE,0
2101,363,363,TRUE,0
2101,364,364,TRUE,0
2101,365,365,TRUE,0
2101,366,366,TRUE,0
2101,367,367,TRUE,0
2101,368,368,TRUE,0
2101,369,369,TRUE,0
2101,370,370,TRUE,0
2101,371,371,TRUE,0
2101,372,372,TRUE,0
2101,373,373,TRUE,0
2101,374,374,TRUE,0
2101,375,375,TRUE,0
2251,376,376,TRUE,0
2251,377,377,TRUE,0
2251,378,378,TRUE,0
2251,379,379,TRUE,0
2251,380,380,TRUE,0
2251,381,381,TRUE,0
2251,382,382,TRUE,0
2251,383,383,TRUE,0
2251,384,384,TRUE,0
2251,385,385,TRUE,0
2251,386,386,TRUE,0
2251,387,387,TRUE,0
2251,388,388,TRUE,0
2251,389,389,TRUE,0
2251,390,390,TRUE,0
2251,391,391,TRUE,0
2251,392,392,TRUE,0
2251,393,393,TRUE,0
2251,394,394,TRUE,0
2251,395,395,TRUE,0
2251,396,396,TRUE,0
2251,397,397,TRUE,0
2251,398,398,TRUE,0
2251,399,399,TRUE,0
2251,400,400,TRUE,0
2401,401,401,TRUE,0
2401,402,402,TRUE,0
2401,403,403,TRUE,0
2401,404,404,TRUE,0
2401,405,405,TRUE,0
2401,406,406,TRUE,0
2401,407,407,TRUE,0
2401,408,408,TRUE,0
2401,409,409,TRUE,0
2401,410,410,TRUE,0
2401,411,411,TRUE,0
2401,412,412,TRUE,0
2401,413,413,TRUE,0
2401,414,414,TRUE,0
2401,415,415,TRUE,0
2401,416,416,TRUE,0
2401,417,417,TRUE,0
2401,418,418,TRUE,0
2401,419,419,TRUE,0
2401,420,420,TRUE,0
2401,421,421,TRUE,0
2401,422,422,TRUE,0
2401,423,423,TRUE,0
2401,424,424,TRUE,0
2401,425,425,TRUE,0
2551,426,426,TRUE,0
2551,427,427,TRUE,0
2551,428,428,TRUE,0
2551,429,429,TRUE,0
2551,430,430,TRUE,0
2551,431,431,TRUE,0
2551,432,432,TRUE,0
2551,433,433,TRUE,0
2551,434,434,TRUE,0
2551,435,435,TRUE,0
2551,436,436,TRUE,0
2551,437,437,TRUE,0
2551,438,438,TRUE,0
2551,439,439,TRUE,0
2551,440,440,TRUE,0
2551,441,441,TRUE,0
2551,442,442,TRUE,0
2551,443,443,TRUE,0
2551,444,444,TRUE,0
2551,445,445,TRUE,0
2551,446,446,TRUE,0
2551,447,447,TRUE,0
2551,448,448,TRUE,0
2551,449,449,TRUE,0
2551,450,450,TRUE,0
2701,451,451,TRUE,0
2701,452,452,TRUE,0
2701,453,453,TRUE,0
2701,454,454,TRUE,0
2701,455,455,TRUE,0
2701,456,456,TRUE,0
2701,457,457,TRUE,0
2701,458,458,TRUE,0
2701,459,459,TRUE,0
2701,460,460,TRUE,0
2701,461,461,TRUE,0
2701,462,462,TRUE,0
2701,463,463,TRUE,0
2701,464,464,TRUE,0
2701,465,465,TRUE,0
2701,466,466,TRUE,0
2701,467,467,TRUE,0
2701,468,468,TRUE,0
2701,469,469,TRUE,0
2701,470,470,TRUE,0
2701,471,471,TRUE,0
2701,472,472,TRUE,0
2701,473,473,TRUE,0
2701,474,474,TRUE,0
2701,475,475,TRUE,0
2851,476,476,TRUE,0
2851,477,477,TRUE,0
2851,478,478,TRUE,0
2851,479,479,TRUE,0
2851,480,480,TRUE,0
2851,481,481,TRUE,0
2851,482,482,TRUE,0
2851,483,483,TRUE,0
2851,484,484,TRUE,0
2851,485,485,TRUE,0
2851,486,486,TRUE,0
2851,487,487,TRUE,0
2851,488,488,TRUE,0
2851,489,489,TRUE,0
2851,490,490,TRUE,0
2851,491,491,TRUE,0
2851,492,492,TRUE,0
2851,493,493,TRUE,0
2851,494,494,TRUE,0
2851,495,495,TRUE,0
2851,496,496,TRUE,0
2851,497,497,TRUE,0
2851,498,498,TRUE,0
2851,499,499,TRUE,0
2851,500,500,TRUE,0
3001,501,501,TRUE,0
3001,502,502,TRUE,0
3001,503,503,TRUE,0
3001,504,504,TRUE,0
3001,505,505,TRUE,0
3001,506,506,TRUE,0
3001,507,507,TRUE,0
3001,508,508,TRUE,0
3001,509,509,TRUE,0
3001,510,510,TRUE,0
3001,511,511,TRUE,0
3001,512,512,TRUE,0
3001,513,513,TRUE,0
3001,514,514,TRUE,0
3001,515,515,TRUE,0
3001,516,516,TRUE,0
3001,517,517,TRUE,0
3001,518,518,TRUE,0
3001,519,519,TRUE,0
3001,520,520,TRUE,0
3001,521,521,TRUE,0
3001,522,522,TRUE,0
3001,523,523,TRUE,0
3001,524,524,TRUE,0
3001,525,525,TRUE,0
3151,526,526,TRUE,0
3151,527,527,TRUE,0
3151,528,528,TRUE,0
3151,529,529,TRUE,0
3151,530,530,TRUE,0
3151,531,531,TRUE,0
3151,532,532,TRUE,0
3151,533,533,TRUE,0
3151,534,534,TRUE,0
3151,535,535,TRUE,0
3151,536,536,TRUE,0
3151,537,537,TRUE,0
3151,538,538,TRUE,0
3151,539,539,TRUE,0
3151,540,540,TRUE,0
3151,541,541,TRUE,0
3151,542,542,TRUE,0
3151,543,543,TRUE,0
3151,544,544,TRUE,0
3151,545,545,TRUE,0
3151,546,546,TRUE,0
3151,547,547,TRUE,0
3151,548,548,TRUE,0
3151,549,549,TRUE,0
3151,550,550,TRUE,0
3301,551,551,TRUE,0
3301,552,552,TRUE,0
3301,553,553,TRUE,0
3301,554,554,TRUE,0
3301,555,555,TRUE,0
3301,556,556,TRUE,0
3301,557,557,TRUE,0
3301,558,558,TRUE,0
3301,559,559,TRUE,0
3301,560,560,TRUE,0
3301,561,561,TRUE,0
3301,562,562,TRUE,0
3301,563,563,TRUE,0
3301,564,564,TRUE,0
3301,565,565,TRUE,0
3301,566,566,TRUE,0
3301,567,567,TRUE,0
3301,568,568,TRUE,0
3301,569,569,TRUE,0
3301,570,570,TRUE,0
3301,571,571,TRUE,0
3301,572,572,TRUE,0
3301,573,573,TRUE,0
3301,574,574,TRUE,0
3301,575,575,TRUE,0
3451,576,576,TRUE,0
3451,577,577,TRUE,0
3451,578,578,TRUE,0
3451,579,579,TRUE,0
3451,580,580,TRUE,0
3451,581,581,TRUE,0
3451,582,582,TRUE,0
3451,583,583,TRUE,0
3451,584,584,TRUE,0
3451,585,585,TRUE,0
3451,586,586,TRUE,0
3451,587,587,TRUE,0
3451,588,588,TRUE,0
3451,589,589,TRUE,0
3451,590,590,TRUE,0
3451,591,591,TRUE,0
3451,592,592,TRUE,0
3451,593,593,TRUE,0
3451,594,594,TRUE,0
3451,595,595,TRUE,0
3451,596,596,TRUE,0
3451,597,597,TRUE,0
3451,598,598,TRUE,0
3451,599,599,TRUE,0
3451,600,600,TRUE,0
3601,601,601,TRUE,0
3601,602,602,TRUE,0
3601,603,603,TRUE,0
3601,604,604,TRUE,0
3601,605,605,TRUE,0
3601,606,606,TRUE,0
3601,607,607,TRUE,0
3601,608,608,TRUE,0
3601,609,609,TRUE,0
3601,610,610,TRUE,0
3601,611,611,TRUE,0
3601,612,612,TRUE,0
3601,613,613,TRUE,0
3601,614,614,TRUE,0
3601,615,615,TRUE,0
3601,616,616,TRUE,0
3601,617,617,TRUE,0
3601,618,618,TRUE,0
3601,619,619,TRUE,0
3601,620,620,TRUE,0
3601,621,621,TRUE,0
3601,622,622,TRUE,0
3601,623,623,TRUE,0
3601,624,624,TRUE,0
3601,625,625,TRUE,0
3751,626,626,TRUE,0
3751,627,627,TRUE,0
3751,628,628,TRUE,0
3751,629,629,TRUE,0
3751,630,630,TRUE,0
3751,631,631,TRUE,0
3751,632,632,TRUE,0
3751,633,633,TRUE,0
3751,634,634,TRUE,0
3751,635,635,TRUE,0
3751,636,636,TRUE,0
3751,637,637,TRUE,0
3751,638,638,TRUE,0
3751,639,639,TRUE,0
3751,640,640,TRUE,0
3751,641,641,TRUE,0
3751,642,642,TRUE,0
3751,643,643,TRUE,0
3751,644,644,TRUE,0
3751,645,645,TRUE,0
3751,646,646,TRUE,0
3751,647,647,TRUE,0
3751,648,648,TRUE,0
3751,649,649,TRUE,0
3751,650,650,TRUE,0
3901,651,651,TRUE,0
3901,652,652,TRUE,0
3901,653,653,TRUE,0
3901,654,654,TRUE,0
3901,655,655,TRUE,0
3901,656,656,TRUE,0
3901,657,657,TRUE,0
3901,658,658,TRUE,0
3901,659,659,TRUE,0
3901,660,660,TRUE,0
3901,661,661,TRUE,0
3901,662,662,TRUE,0
3901,663,663,TRUE,0
3901,664,664,TRUE,0
3901,665,665,TRUE,0
3901,666,666,TRUE,0
3901,667,667,TRUE,0
3901,668,668,TRUE,0
3901,669,669,TRUE,0
3901,670,670,TRUE,0
3901,671,671,TRUE,0
3901,672,672,TRUE,0
3901,673,673,TRUE,0
3901,674,674,TRUE,0
3901,675,675,TRUE,0
4051,676,676,TRUE,0
4051,677,677,TRUE,0
4051,678,678,TRUE,0
4051,679,679,TRUE,0
4051,680,680,TRUE,0
4051,681,681,TRUE,0
4051,682,682,TRUE,0
4051,683,683,TRUE,0
4051,684,684,TRUE,0
4051,685,685,TRUE,0
4051,686,686,TRUE,0
4051,687,687,TRUE,0
4051,688,688,TRUE,0
4051,689,689,TRUE,0
4051,690,690,TRUE,0
4051,691,691,TRUE,0
4051,692,692,TRUE,0
4051,693,693,TRUE,0
4051,694,694,TRUE,0
4051,695,695,TRUE,0
4051,696,696,TRUE,0
4051,697,697,TRUE,0
4051,698,698,TRUE,0
4051,699,699,TRUE,0
4051,700,700,TRUE,0
4201,701,701,TRUE,0
4201,702,702,TRUE,0
4201,703,703,TRUE,0
4201,704,704,TRUE,0
4201,705,705,TRUE,0
4201,706,706,TRUE,0
4201,707,707,TRUE,0
4201,708,708,TRUE,0
4201,709,709,TRUE,0
4201,710,710,TRUE,0
4201,711,711,TRUE,0
4201,712,712,TRUE,0
4201,713,713,TRUE,0
4201,714,714,TRUE,0
4201,715,715,TRUE,0
4201,716,716,TRUE,0
4201,717,717,TRUE,0
4201,718,718,TRUE,0
4201,719,719,TRUE,0
4201,720,720,TRUE,0
4201,721,721,TRUE,0
4201,722,722,TRUE,0
4201,723,723,TRUE,0
4201,724,724,TRUE,0
4201,725,725,TRUE,0
4351,726,726,TRUE,0
4351,727,727,TRUE,0
4351,728,728,TRUE,0
4351,729,729,TRUE,0
4351,730,730,TRUE,0
4351,731,731,TRUE,0
4351,732,732,TRUE,0
4351,733,733,TRUE,0
4351,734,734,TRUE,0
4351,735,735,TRUE,0
4351,736,736,TRUE,0
4351,737,737,TRUE,0
4351,738,738,TRUE,0
4351,739,739,TRUE,0
4351,740,740,TRUE,0
4351,741,741,TRUE,0
4351,742,742,TRUE,0
4351,743,743,TRUE,0
4351,744,744,TRUE,0
4351,745,745,TRUE,0
4351,746,746,TRUE,0
4351,747,747,TRUE,0
4351,748,748,TRUE,0
4351,749,749,TRUE,0
4351,750,750,TRUE,0
4501,751,751,TRUE,0
4501,752,752,TRUE,0
4501,753,753,TRUE,0
4501,754,754,TRUE,0
4501,755,755,TRUE,0
4501,756,756,TRUE,0
4501,757,757,TRUE,0
4501,758,758,TRUE,0
4501,759,759,TRUE,0
4501,760,760,TRUE,0
4501,761,761,TRUE,0
4501,762,762,TRUE,0
4501,763,763,TRUE,0
4501,764,764,TRUE,0
4501,765,765,TRUE,0
4501,766,766,TRUE,0
4501,767,767,TRUE,0
4501,768,768,TRUE,0
4501,769,769,TRUE,0
4501,770,770,TRUE,0
4501,771,771,TRUE,0
4501,772,772,TRUE,0
4501,773,773,TRUE,0
4501,774,774,TRUE,0
4501,775,775,TRUE,0
4651,776,776,TRUE,0
4651,777,777,TRUE,0
4651,778,778,TRUE,0
4651,779,779,TRUE,0
4651,780,780,TRUE,0
4651,781,781,TRUE,0
4651,782,782,TRUE,0
4651,783,783,TRUE,0
4651,784,784,TRUE,0
4651,785,785,TRUE,0
4651,786,786,TRUE,0
4651,787,787,TRUE,0
4651,788,788,TRUE,0
4651,789,789,TRUE,0
4651,790,790,TRUE,0
4651,791,791,TRUE,0
4651,792,792,TRUE,0
4651,793,793,TRUE,0
4651,794,794,TRUE,0
4651,795,795,TRUE,0
4651,796,796,TRUE,0
4651,797,797,TRUE,0
4651,798,798,TRUE,0
4651,799,799,TRUE,0
4651,800,800,TRUE,0
4801,801,801,TRUE,0
4801,802,802,TRUE,0
4801,803,803,TRUE,0
4801,804,804,TRUE,0
4801,805,805,TRUE,0
4801,806,806,TRUE,0
4801,807,807,TRUE,0
4801,808,808,TRUE,0
4801,809,809,TRUE,0
4801,810,810,TRUE,0
4801,811,811,TRUE,0
4801,812,812,TRUE,0
4801,813,813,TRUE,0
4801,814,814,TRUE,0
4801,815,815,TRUE,0
4801,816,816,TRUE,0
4801,817,817,TRUE,0
4801,818,818,TRUE,0
4801,819,819,TRUE,0
4801,820,820,TRUE,0
4801,821,821,TRUE,0
4801,822,822,TRUE,0
4801,823,823,TRUE,0
4801,824,824,TRUE,0
4801,825,825,TRUE,0
4951,826,826,TRUE,0
4951,827,827,TRUE,0
4951,828,828,TRUE,0
4951,829,829,TRUE,0
4951,830,830,TRUE,0
4951,831,831,TRUE,0
4951,832,832,TRUE,0
4951,833,833,TRUE,0
4951,834,834,TRUE,0
4951,835,835,TRUE,0
4951,836,836,TRUE,0
4951,837,837,TRUE,0
4951,838,838,TRUE,0
4951,839,839,TRUE,0
4951,840,840,TRUE,0
4951,841,841,TRUE,0
4951,842,842,TRUE,0
4951,843,843,TRUE,0
4951,844,844,TRUE,0
4951,845,845,TRUE,0
4951,846,846,TRUE,0
4951,847,847,TRUE,0
4951,848,848,TRUE,0
4951,849,849,TRUE,0
4951,850,850,TRUE,0
5101,851,851,TRUE,0
5101,852,852,TRUE,0
5101,853,853,TRUE,0
5101,854,854,TRUE,0
5101,855,855,TRUE,0
5101,856,856,TRUE,0
5101,857,857,TRUE,0
5101,858,858,TRUE,0
5101,859,859,TRUE,0
5101,860,860,TRUE,0
5101,861,861,TRUE,0
5101,862,862,TRUE,0
5101,863,863,TRUE,0
5101,864,864,TRUE,0
5101,865,865,TRUE,0
5101,866,866,TRUE,0
5101,867,867,TRUE,0
5101,868,868,TRUE,0
5101,869,869,TRUE,0
5101,870,870,TRUE,0
5101,871,871,TRUE,0
5101,872,872,TRUE,0
5101,873,873,TRUE,0
5101,874,874,TRUE,0
5101,875,875,TRUE,0
5251,876,876,TRUE,0
5251,877,877,TRUE,0
5251,878,878,TRUE,0
5251,879,879,TRUE,0
5251,880,880,TRUE,0
5251,881,881,TRUE,0
5251,882,882,TRUE,0
5251,883,883,TRUE,0
5251,884,884,TRUE,0
5251,885,885,TRUE,0
5251,886,886,TRUE,0
5251,887,887,TRUE,0
5251,888,888,TRUE,0
5251,889,889,TRUE,0
5251,890,890,TRUE,0
5251,891,891,TRUE,0
5251,892,892,TRUE,0
5251,893,893,TRUE,0
5251,894,894,TRUE,0
5251,895,895,TRUE,0
5251,896,896,TRUE,0
5251,897,897,TRUE,0
5251,898,898,TRUE,0
5251,899,899,TRUE,0
5251,900,900,TRUE,0
5401,901,901,TRUE,0
5401,902,902,TRUE,0
5401,903,903,TRUE,0
5401,904,904,TRUE,0
5401,905,905,TRUE,0
5401,906,906,TRUE,0
5401,907,907,TRUE,0
5401,908,908,TRUE,0
5401,909,909,TRUE,0
5401,910,910,TRUE,0
5401,911,911,TRUE,0
5401,912,912,TRUE,0
5401,913,913,TRUE,0
5401,914,914,TRUE,0
5401,915,915,TRUE,0
5401,916,916,TRUE,0
5401,917,917,TRUE,0
5401,918,918,TRUE,0
5401,919,919,TRUE,0
5401,920,920,TRUE,0
5401,921,921,TRUE,0
5401,922,922,TRUE,0
5401,923,923,TRUE,0
5401,924,924,TRUE,0
5401,925,925,TRUE,0
5551,926,926,TRUE,0
5551,927,927,TRUE,0
5551,928,928,TRUE,0
5551,929,929,TRUE,0
5551,930,930,TRUE,0
5551,931,931,TRUE,0
5551,932,932,TRUE,0
5551,933,933,TRUE,0
5551,934,934,TRUE,0
5551,935,935,TRUE,0
5551,936,936,TRUE,0
5551,937,937,TRUE,0
5551,938,938,TRUE,0
5551,939,939,TRUE,0
5551,940,940,TRUE,0
5551,941,941,TRUE,0
5551,942,942,TRUE,0
5551,943,943,TRUE,0
5551,944,944,TRUE,0
5551,945,945,TRUE,0
5551,946,946,TRUE,0
5551,947,947,TRUE,0
5551,948,948,TRUE,0
5551,949,949,TRUE,0
5551,950,950,TRUE,0
5701,951,951,TRUE,0
5701,952,952,TRUE,0
5701,953,953,TRUE,0
5701,954,954,TRUE,0
5701,955,955,TRUE,0
5701,956,956,TRUE,0
5701,957,957,TRUE,0
5701,958,958,TRUE,0
5701,959,959,TRUE,0
5701,960,960,TRUE,0
5701,961,961,TRUE,0
5701,962,962,TRUE,0
5701,963,963,TRUE,0
5701,964,964,TRUE,0
5701,965,965,TRUE,0
5701,966,966,TRUE,0
5701,967,967,TRUE,0
5701,968,968,TRUE,0
5701,969,969,TRUE,0
5701,970,970,TRUE,0
5701,971,971,TRUE,0
5701,972,972,TRUE,0
5701,973,973,TRUE,0
5701,974,974,TRUE,0
5701,975,975,TRUE,0
5851,976,976,TRUE,0
5851,977,977,TRUE,0
5851,978,978,TRUE,0
5851,979,979,TRUE,0
5851,980,980,TRUE,0
5851,981,981,TRUE,0
5851,982,982,TRUE,0
5851,983,983,TRUE,0
5851,984,984,TRUE,0
5851,985,985,TRUE,0
5851,986,986,TRUE,0
5851,987,987,TRUE,0
5851,988,988,TRUE,0
5851,989,989,TRUE,0
5851,990,990,TRUE,0
5851,991,991,TRUE,0
5851,992,992,TRUE,0
5851,993,993,TRUE,0
5851,994,994,TRUE,0
5851,995,995,TRUE,0
5851,996,996,TRUE,0
5851,997,997,TRUE,0
5851,998,998,TRUE,0
5851,999,999,TRUE,0
5851,1000,1000,TRUE,0
6001,1001,1001,TRUE,0
6001,1002,1002,TRUE,0
6001,1003,1003,TRUE,0
6001,1004,1004,TRUE,0
6001,1005,1005,TRUE,0
6001,1006,1006,TRUE,0
6001,1007,1007,TRUE,0
6001,1008,1008,TRUE,0
6001,1009,1009,TRUE,0
6001,1010,1010,TRUE,0
6001,1011,1011,TRUE,0
6001,1012,1012,TRUE,0
6001,1013,1013,TRUE,0
6001,1014,1014,TRUE,0
6001,1015,1015,TRUE,0
6001,1016,1016,TRUE,0
6001,1017,1017,TRUE,0
6001,1018,1018,TRUE,0
6001,1019,1019,TRUE,0
6001,1020,1020,TRUE,0
6001,1021,1021,TRUE,0
6001,1022,1022,TRUE,0
6001,1023,1023,TRUE,0
6001,1024,1024,TRUE,0
6001,1025,1025,TRUE,0
6151,1026,1026,TRUE,0
6151,1027,1027,TRUE,0
6151,1028,1028,TRUE,0
6151,1029,1029,TRUE,0
6151,1030,1030,TRUE,0
6151,1031,1031,TRUE,0
6151,1032,1032,TRUE,0
6151,1033,1033,TRUE,0
6151,1034,1034,TRUE,0
6151,1035,1035,TRUE,0
6151,1036,1036,TRUE,0
6151,1037,1037,TRUE,0
6151,1038,1038,TRUE,0
6151,1039,1039,TRUE,0
6151,1040,1040,TRUE,0
6151,1041,1041,TRUE,0
6151,1042,1042,TRUE,0
6151,1043,1043,TRUE,0
6151,1044,1044,TRUE,0
6151,1045,1045,TRUE,0
6151,1046,1046,TRUE,0
6151,1047,1047,TRUE,0
6151,1048,1048,TRUE,0
6151,1049,1049,TRUE,0
6151,1050,1050,TRUE,0
6301,1051,1051,TRUE,0
6301,1052,1052,TRUE,0
6301,1053,1053,TRUE,0
6301,1054,1054,TRUE,0
6301,1055,1055,TRUE,0
6301,1056,1056,TRUE,0
6301,1057,1057,TRUE,0
6301,1058,1058,TRUE,0
6301,1059,1059,TRUE,0
6301,1060,1060,TRUE,0
6301,1061,1061,TRUE,0
6301,1062,1062,TRUE,0
6301,1063,1063,TRUE,0
6301,1064,1064,TRUE,0
6301,1065,1065,TRUE,0
6301,1066,1066,TRUE,0
6301,1067,1067,TRUE,0
6301,1068,1068,TRUE,0
6301,1069,1069,TRUE,0
6301,1070,1070,TRUE,0
6301,1071,1071,TRUE,0
6301,1072,1072,TRUE,0
6301,1073,1073,TRUE,0
6301,1074,1074,TRUE,0
6301,1075,1075,TRUE,0
6451,1076,1076,TRUE,0
6451,1077,1077,TRUE,0
6451,1078,1078,TRUE,0
6451,1079,1079,TRUE,0
6451,1080,1080,TRUE,0
6451,1081,1081,TRUE,0
6451,1082,1082,TRUE,0
6451,1083,1083,TRUE,0
6451,1084,1084,TRUE,0
6451,1085,1085,TRUE,0
6451,1086,1086,TRUE,0
6451,1087,1087,TRUE,0
6451,1088,1088,TRUE,0
6451,1089,1089,TRUE,0
6451,1090,1090,TRUE,0
6451,1091,1091,TRUE,0
6451,1092,1092,TRUE,0
6451,1093,1093,TRUE,0
6451,1094,1094,TRUE,0
6451,1095,1095,TRUE,0
6451,1096,1096,TRUE,0
6451,1097,1097,TRUE,0
6451,1098,1098,TRUE,0
6451,1099,1099,TRUE,0
6451,1100,1100,TRUE,0
6601,1101,1101,TRUE,0
6601,1102,1102,TRUE,0
6601,1103,1103,TRUE,0
6601,1104,1104,TRUE,0
6601,1105,1105,TRUE,0
6601,1106,1106,TRUE,0
6601,1107,1107,TRUE,0
6601,1108,1108,TRUE,0
6601,1109,1109,TRUE,0
6601,1110,1110,TRUE,0
6601,1111,1111,TRUE,0
6601,1112,1112,TRUE,0
6601,1113,1113,TRUE,0
6601,1114,1114,TRUE,0
6601,1115,1115,TRUE,0
6601,1116,1116,TRUE,0
6601,1117,1117,TRUE,0
6601,1118,1118,TRUE,0
6601,1119,1119,TRUE,0
6601,1120,1120,TRUE,0
6601,1121,1121,TRUE,0
6601,1122,1122,TRUE,0
6601,1123,1123,TRUE,0
6601,1124,1124,TRUE,0
6601,1125,1125,TRUE,0
6751,1126,1126,TRUE,0
6751,1127,1127,TRUE,0
6751,1128,1128,TRUE,0
6751,1129,1129,TRUE,0
6751,1130,1130,TRUE,0
6751,1131,1131,TRUE,0
6751,1132,1132,TRUE,0
6751,1133,1133,TRUE,0
6751,1134,1134,TRUE,0
6751,1135,1135,TRUE,0
6751,1136,1136,TRUE,0
6751,1137,1137,TRUE,0
6751,1138,1138,TRUE,0
6751,1139,1139,TRUE,0
6751,1140,1140,TRUE,0
6751,1141,1141,TRUE,0
6751,1142,1142,TRUE,0
6751,1143,1143,TRUE,0
6751,1144,1144,TRUE,0
6751,1145,1145,TRUE,0
6751,1146,1146,TRUE,0
6751,1147,1147,TRUE,0
6751,1148,1148,TRUE,0
6751,1149,1149,TRUE,0
6751,1150,1150,TRUE,0
6901,1151,1151,TRUE,0
6901,1152,1152,TRUE,0
6901,1153,1153,TRUE,0
6901,1154,1154,TRUE,0
6901,1155,1155,TRUE,0
6901,1156,1156,TRUE,0
6901,1157,1157,TRUE,0
6901,1158,1158,TRUE,0
6901,1159,1159,TRUE,0
6901,1160,1160,TRUE,0
6901,1161,1161,TRUE,0
6901,1162,1162,TRUE,0
6901,1163,1163,TRUE,0
6901,1164,1164,TRUE,0
6901,1165,1165,TRUE,0
6901,1166,1166,TRUE,0
6901,1167,1167,TRUE,0
6901,1168,1168,TRUE,0
6901,1169,1169,TRUE,0
6901,1170,1170,TRUE,0
6901,1171,1171,TRUE,0
6901,1172,1172,TRUE,0
6901,1173,1173,TRUE,0
6901,1174,1174,TRUE,0
6901,1175,1175,TRUE,0
7051,1176,1176,TRUE,0
7051,1177,1177,TRUE,0
7051,1178,1178,TRUE,0
7051,1179,1179,TRUE,0
7051,1180,1180,TRUE,0
7051,1181,1181,TRUE,0
7051,1182,1182,TRUE,0
7051,1183,1183,TRUE,0
7051,1184,1184,TRUE,0
7051,1185,1185,TRUE,0
7051,1186,1186,TRUE,0
7051,1187,1187,TRUE,0
7051,1188,1188,TRUE,0
7051,1189,1189,TRUE,0
7051,1190,1190,TRUE,0
7051,1191,1191,TRUE,0
7051,1192,1192,TRUE,0
7051,1193,1193,TRUE,0
7051,1194,1194,TRUE,0
7051,1195,1195,TRUE,0
7051,1196,1196,TRUE,0
7051,1197,1197,TRUE,0
7051,1198,1198,TRUE,0
7051,1199,1199,TRUE,0
7051,1200,1200,TRUE,0
7201,1201,1201,TRUE,0
7201,1202,1202,TRUE,0
7201,1203,1203,TRUE,0
7201,1204,1204,TRUE,0
7201,1205,1205,TRUE,0
7201,1206,1206,TRUE,0
7201,1207,1207,TRUE,0
7201,1208,1208,TRUE,0
7201,1209,1209,TRUE,0
7201,1210,1210,TRUE,0
7201,1211,1211,TRUE,0
7201,1212,1212,TRUE,0
7201,1213,1213,TRUE,0
7201,1214,1214,TRUE,0
7201,1215,1215,TRUE,0
7201,1216,1216,TRUE,0
7201,1217,1217,TRUE,0
7201,1218,1218,TRUE,0
7201,1219,1219,TRUE,0
7201,1220,1220,TRUE,0
7201,1221,1221,TRUE,0
7201,1222,1222,TRUE,0
7201,1223,1223,TRUE,0
7201,1224,1224,TRUE,0
7201,1225,1225,TRUE,0
7351,1226,1226,TRUE,0
7351,1227,1227,TRUE,0
7351,1228,1228,TRUE,0
7351,1229,1229,TRUE,0
7351,1230,1230,TRUE,0
7351,1231,1231,TRUE,0
7351,1232,1232,TRUE,0
7351,1233,1233,TRUE,0
7351,1234,1234,TRUE,0
7351,1235,1235,TRUE,0
7351,1236,1236,TRUE,0
7351,1237,1237,TRUE,0
7351,1238,1238,TRUE,0
7351,1239,1239,TRUE,0
7351,1240,1240,TRUE,0
7351,1241,1241,TRUE,0
7351,1242,1242,TRUE,0
7351,1243,1243,TRUE,0
7351,1244,1244,TRUE,0
7351,1245,1245,TRUE,0
7351,1246,1246,TRUE,0
7351,1247,1247,TRUE,0
7351,1248,1248,TRUE,0
7351,1249,1249,TRUE,0
7351,1250,1250,TRUE,0
7501,1251,1251,TRUE,0
7501,1252,1252,TRUE,0
7501,1253,1253,TRUE,0
7501,1254,1254,TRUE,0
7501,1255,1255,TRUE,0
7501,1256,1256,TRUE,0
7501,1257,1257,TRUE,0
7501,1258,1258,TRUE,0
7501,1259,1259,TRUE,0
7501,1260,1260,TRUE,0
7501,1261,1261,TRUE,0
7501,1262,1262,TRUE,0
7501,1263,1263,TRUE,0
7501,1264,1264,TRUE,0
7501,1265,1265,TRUE,0
7501,1266,1266,TRUE,0
7501,1267,1267,TRUE,0
7501,1268,1268,TRUE,0
7501,1269,1269,TRUE,0
7501,1270,1270,TRUE,0
7501,1271,1271,TRUE,0
7501,1272,1272,TRUE,0
7501,1273,1273,TRUE,0
7501,1274,1274,TRUE,0
7501,1275,1275,TRUE,0
7651,1276,1276,TRUE,0
7651,1277,1277,TRUE,0
7651,1278,1278,TRUE,0
7651,1279,1279,TRUE,0
7651,1280,1280,TRUE,0
7651,1281,1281,TRUE,0
7651,1282,1282,TRUE,0
7651,1283,1283,TRUE,0
7651,1284,1284,TRUE,0
7651,1285,1285,TRUE,0
7651,1286,1286,TRUE,0
7651,1287,1287,TRUE,0
7651,1288,1288,TRUE,0
7651,1289,1289,TRUE,0
7651,1290,1290,TRUE,0
7651,1291,1291,TRUE,0
7651,1292,1292,TRUE,0
7651,1293,1293,TRUE,0
7651,1294,1294,TRUE,0
7651,1295,1295,TRUE,0
7651,1296,1296,TRUE,0
7651,1297,1297,TRUE,0
7651,1298,1298,TRUE,0
7651,1299,1299,TRUE,0
7651,1300,1300,TRUE,0
7801,1301,1301,TRUE,0
7801,1302,1302,TRUE,0
7801,1303,1303,TRUE,0
7801,1304,1304,TRUE,0
7801,1305,1305,TRUE,0
7801,1306,1306,TRUE,0
7801,1307,1307,TRUE,0
7801,1308,1308,TRUE,0
7801,1309,1309,TRUE,0
7801,1310,1310,TRUE,0
7801,1311,1311,TRUE,0
7801,1312,1312,TRUE,0
7801,1313,1313,TRUE,0
7801,1314,1314,TRUE,0
7801,1315,1315,TRUE,0
7801,1316,1316,TRUE,0
7801,1317,1317,TRUE,0
7801,1318,1318,TRUE,0
7801,1319,1319,TRUE,0
7801,1320,1320,TRUE,0
7801,1321,1321,TRUE,0
7801,1322,1322,TRUE,0
7801,1323,1323,TRUE,0
7801,1324,1324,TRUE,0
7801,1325,1325,TRUE,0
7951,1326,1326,TRUE,0
7951,1327,1327,TRUE,0
7951,1328,1328,TRUE,0
7951,1329,1329,TRUE,0
7951,1330,1330,TRUE,0
7951,1331,1331,TRUE,0
7951,1332,1332,TRUE,0
7951,1333,1333,TRUE,0
7951,1334,1334,TRUE,0
7951,1335,1335,TRUE,0
7951,1336,1336,TRUE,0
7951,1337,1337,TRUE,0
7951,1338,1338,TRUE,0
7951,1339,1339,TRUE,0
7951,1340,1340,TRUE,0
7951,1341,1341,TRUE,0
7951,1342,1342,TRUE,0
7951,1343,1343,TRUE,0
7951,1344,1344,TRUE,0
7951,1345,1345,TRUE,0
7951,1346,1346,TRUE,0
7951,1347,1347,TRUE,0
7951,1348,1348,TRUE,0
7951,1349,1349,TRUE,0
7951,1350,1350,TRUE,0
8101,1351,1351,TRUE,0
8101,1352,1352,TRUE,0
8101,1353,1353,TRUE,0
8101,1354,1354,TRUE,0
8101,1355,1355,TRUE,0
8101,1356,1356,TRUE,0
8101,1357,1357,TRUE,0
8101,1358,1358,TRUE,0
8101,1359,1359,TRUE,0
8101,1360,1360,TRUE,0
8101,1361,1361,TRUE,0
8101,1362,1362,TRUE,0
8101,1363,1363,TRUE,0
8101,1364,1364,TRUE,0
8101,1365,1365,TRUE,0
8101,1366,1366,TRUE,0
8101,1367,1367,TRUE,0
8101,1368,1368,TRUE,0
8101,1369,1369,TRUE,0
8101,1370,1370,TRUE,0
8101,1371,1371,TRUE,0
8101,1372,1372,TRUE,0
8101,1373,1373,TRUE,0
8101,1374,1374,TRUE,0
8101,1375,1375,TRUE,0
8251,1376,1376,TRUE,0
8251,1377,1377,TRUE,0
8251,1378,1378,TRUE,0
8251,1379,1379,TRUE,0
8251,1380,1380,TRUE,0
8251,1381,1381,TRUE,0
8251,1382,1382,TRUE,0
8251,1383,1383,TRUE,0
8251,1384,1384,TRUE,0
8251,1385,1385,TRUE,0
8251,1386,1386,TRUE,0
8251,1387,1387,TRUE,0
8251,1388,1388,TRUE,0
8251,1389,1389,TRUE,0
8251,1390,1390,TRUE,0
8251,1391,1391,TRUE,0
8251,1392,1392,TRUE,0
8251,1393,1393,TRUE,0
8251,1394,1394,TRUE,0
8251,1395,1395,TRUE,0
8251,1396,1396,TRUE,0
8251,1397,1397,TRUE,0
8251,1398,1398,TRUE,0
8251,1399,1399,TRUE,0
8251,1400,1400,TRUE,0
8401,1401,1401,TRUE,0
8401,1402,1402,TRUE,0
8401,1403,1403,TRUE,0
8401,1404,1404,TRUE,0
8401,1405,1405,TRUE,0
8401,1406,1406,TRUE,0
8401,1407,1407,TRUE,0
8401,1408,1408,TRUE,0
8401,1409,1409,TRUE,0
8401,1410,1410,TRUE,0
8401,1411,1411,TRUE,0
8401,1412,1412,TRUE,0
8401,1413,1413,TRUE,0
8401,1414,1414,TRUE,0
8401,1415,1415,TRUE,0
8401,1416,1416,TRUE,0
8401,1417,1417,TRUE,0
8401,1418,1418,TRUE,0
8401,1419,1419,TRUE,0
8401,1420,1420,TRUE,0
8401,1421,1421,TRUE,0
8401,1422,1422,TRUE,0
8401,1423,1423,TRUE,0
8401,1424,1424,TRUE,0
8401,1425,1425,TRUE,0
8551,1426,1426,TRUE,0
8551,1427,1427,TRUE,0
8551,1428,1428,TRUE,0
8551,1429,1429,TRUE,0
8551,1430,1430,TRUE,0
8551,1431,1431,TRUE,0
8551,1432,1432,TRUE,0
8551,1433,1433,TRUE,0
8551,1434,1434,TRUE,0
8551,1435,1435,TRUE,0
8551,1436,1436,TRUE,0
8551,1437,1437,TRUE,0
8551,1438,1438,TRUE,0
8551,1439,1439,TRUE,0
8551,1440,1440,TRUE,0
8551,1441,1441,TRUE,0
8551,1442,1442,TRUE,0
8551,1443,1443,TRUE,0
8551,1444,1444,TRUE,0
8551,1445,1445,TRUE,0
8551,1446,1446,TRUE,0
8551,1447,1447,TRUE,0
8551,1448,1448,TRUE,0
8551,1449,1449,TRUE,0
8551,1450,1450,TRUE,0
8701,1451,1451,TRUE,0
8701,1452,1452,TRUE,0
8701,1453,1453,TRUE,0
8701,1454,1454,TRUE,0
8701,1455,1455,TRUE,0
8701,1456,1456,TRUE,0
8701,1457,1457,TRUE,0
8701,1458,1458,TRUE,0
8701,1459,1459,TRUE,0
8701,1460,1460,TRUE,0
8701,1461,1461,TRUE,0
8701,1462,1462,TRUE,0
8701,1463,1463,TRUE,0
8701,1464,1464,TRUE,0
8701,1465,1465,TRUE,0
8701,1466,1466,TRUE,0
8701,1467,1467,TRUE,0
8701,1468,1468,TRUE,0
8701,1469,1469,TRUE,0
8701,1470,1470,TRUE,0
8701,1471,1471,TRUE,0
8701,1472,1472,TRUE,0
8701,1473,1473,TRUE,0
8701,1474,1474,TRUE,0
8701,1475,1475,TRUE,0
8851,1476,1476,TRUE,0
8851,1477,1477,TRUE,0
8851,1478,1478,TRUE,0
8851,1479,1479,TRUE,0
8851,1480,1480,TRUE,0
8851,1481,1481,TRUE,0
8851,1482,1482,TRUE,0
8851,1483,1483,TRUE,0
8851,1484,1484,TRUE,0
8851,1485,1485,TRUE,0
8851,1486,1486,TRUE,0
8851,1487,1487,TRUE,0
8851,1488,1488,TRUE,0
8851,1489,1489,TRUE,0
8851,1490,1490,TRUE,0
8851,1491,1491,TRUE,0
8851,1492,1492,TRUE,0
8851,1493,1493,TRUE,0
8851,1494,1494,TRUE,0
8851,1495,1495,TRUE,0
8851,1496,1496,TRUE,0
8851,1497,1497,TRUE,0
8851,1498,1498,TRUE,0
8851,1499,1499,TRUE,0
8851,1500,1500,TRUE,0
9001,1501,1501,TRUE,0
9001,1502,1502,TRUE,0
9001,1503,1503,TRUE,0
9001,1504,1504,TRUE,0
9001,1505,1505,TRUE,0
9001,1506,1506,TRUE,0
9001,1507,1507,TRUE,0
9001,1508,1508,TRUE,0
9001,1509,1509,TRUE,0
9001,1510,1510,TRUE,0
9001,1511,1511,TRUE,0
9001,1512,1512,TRUE,0
9001,1513,1513,TRUE,0
9001,1514,1514,TRUE,0
9001,1515,1515,TRUE,0
9001,1516,1516,TRUE,0
9001,1517,1517,TRUE,0
9001,1518,1518,TRUE,0
9001,1519,1519,TRUE,0
9001,1520,1520,TRUE,0
9001,1521,1521,TRUE,0
9001,1522,1522,TRUE,0
9001,1523,1523,TRUE,0
9001,1524,1524,TRUE,0
9001,1525,1525,TRUE,0
9151,1526,1526,TRUE,0
9151,1527,1527,TRUE,0
9151,1528,1528,TRUE,0
9151,1529,1529,TRUE,0
9151,1530,1530,TRUE,0
9151,1531,1531,TRUE,0
9151,1532,1532,TRUE,0
9151,1533,1533,TRUE,0
9151,1534,1534,TRUE,0
9151,1535,1535,TRUE,0
9151,1536,1536,TRUE,0
9151,1537,1537,TRUE,0
9151,1538,1538,TRUE,0
9151,1539,1539,TRUE,0
9151,1540,1540,TRUE,0
9151,1541,1541,TRUE,0
9151,1542,1542,TRUE,0
9151,1543,1543,TRUE,0
9151,1544,1544,TRUE,0
9151,1545,1545,TRUE,0
9151,1546,1546,TRUE,0
9151,1547,1547,TRUE,0
9151,1548,1548,TRUE,0
9151,1549,1549,TRUE,0
9151,1550,1550,TRUE,0
9301,1551,1551,TRUE,0
9301,1552,1552,TRUE,0
9301,1553,1553,TRUE,0
9301,1554,1554,TRUE,0
9301,1555,1555,TRUE,0
9301,1556,1556,TRUE,0
9301,1557,1557,TRUE,0
9301,1558,1558,TRUE,0
9301,1559,1559,TRUE,0
9301,1560,1560,TRUE,0
9301,1561,1561,TRUE,0
9301,1562,1562,TRUE,0
9301,1563,1563,TRUE,0
9301,1564,1564,TRUE,0
9301,1565,1565,TRUE,0
9301,1566,1566,TRUE,0
9301,1567,1567,TRUE,0
9301,1568,1568,TRUE,0
9301,1569,1569,TRUE,0
9301,1570,1570,TRUE,0
9301,1571,1571,TRUE,0
9301,1572,1572,TRUE,0
9301,1573,1573,TRUE,0
9301,1574,1574,TRUE,0
9301,1575,1575,TRUE,0
9451,1576,1576,TRUE,0
9451,1577,1577,TRUE,0
9451,1578,1578,TRUE,0
9451,1579,1579,TRUE,0
9451,1580,1580,TRUE,0
9451,1581,1581,TRUE,0
9451,1582,1582,TRUE,0
9451,1583,1583,TRUE,0
9451,1584,1584,TRUE,0
9451,1585,1585,TRUE,0
9451,1586,1586,TRUE,0
9451,1587,1587,TRUE,0
9451,1588,1588,TRUE,0
9451,1589,1589,TRUE,0
9451,1590,1590,TRUE,0
9451,1591,1591,TRUE,0
9451,1592,1592,TRUE,0
9451,1593,1593,TRUE,0
9451,1594,1594,TRUE,0
9451,1595,1595,TRUE,0
9451,1596,1596,TRUE,0
9451,1597,1597,TRUE,0
9451,1598,1598,TRUE,0
9451,1599,1599,TRUE,0
9451,1600,1600,TRUE,0
9601,1601,1601,TRUE,0
9601,1602,1602,TRUE,0
9601,1603,1603,TRUE,0
9601,1604,1604,TRUE,0
9601,1605,1605,TRUE,0
9601,1606,1606,TRUE,0
9601,1607,1607,TRUE,0
9601,1608,1608,TRUE,0
9601,1609,1609,TRUE,0
9601,1610,1610,TRUE,0
9601,1611,1611,TRUE,0
9601,1612,1612,TRUE,0
9601,1613,1613,TRUE,0
9601,1614,1614,TRUE,0
9601,1615,1615,TRUE,0
9601,1616,1616,TRUE,0
9601,1617,1617,TRUE,0
9601,1618,1618,TRUE,0
9601,1619,1619,TRUE,0
9601,1620,1620,TRUE,0
9601,1621,1621,TRUE,0
9601,1622,1622,TRUE,0
9601,1623,1623,TRUE,0
9601,1624,1624,TRUE,0
9601,1625,1625,TRUE,0
9751,1626,1626,TRUE,0
9751,1627,1627,TRUE,0
9751,1628,1628,TRUE,0
9751,1629,1629,TRUE,0
9751,1630,1630,TRUE,0
9751,1631,1631,TRUE,0
9751,1632,1632,TRUE,0
9751,1633,1633,TRUE,0
9751,1634,1634,TRUE,0
9751,1635,1635,TRUE,0
9751,1636,1636,TRUE,0
9751,1637,1637,TRUE,0
9751,1638,1638,TRUE,0
9751,1639,1639,TRUE,0
9751,1640,1640,TRUE,0
9751,1641,1641,TRUE,0
9751,1642,1642,TRUE,0
9751,1643,1643,TRUE,0
9751,1644,1644,TRUE,0
9751,1645,1645,TRUE,0
9751,1646,1646,TRUE,0
9751,1647,1647,TRUE,0
9751,1648,1648,TRUE,0
9751,1649,1649,TRUE,0
9751,1650,1650,TRUE,0
9901,1651,1651,TRUE,0
9901,1652,1652,TRUE,0
9901,1653,1653,TRUE,0
9901,1654,1654,TRUE,0
9901,1655,1655,TRUE,0
9901,1656,1656,TRUE,0
9901,1657,1657,TRUE,0
9901,1658,1658,TRUE,0
9901,1659,1659,TRUE,0
9901,1660,1660,TRUE,0
9901,1661,1661,TRUE,0
9901,1662,1662,TRUE,0
9901,1663,1663,TRUE,0
9901,1664,1664,TRUE,0
9901,1665,1665,TRUE,0
9901,1666,1666,TRUE,0
9901,1667,1667,TRUE,0
9901,1668,1668,TRUE,0
9901,1669,1669,TRUE,0
9901,1670,1670,TRUE,0
9901,1671,1671,TRUE,0
9901,1672,1672,TRUE,0
9901,1673,1673,TRUE,0
9901,1674,1674,TRUE,0
9901,1675,1675,TRUE,0
10051,1676,1676,TRUE,0
10051,1677,1677,TRUE,0
10051,1678,1678,TRUE,0
10051,1679,1679,TRUE,0
10051,1680,1680,TRUE,0
10051,1681,1681,TRUE,0
10051,1682,1682,TRUE,0
10051,1683,1683,TRUE,0
10051,1684,1684,TRUE,0
10051,1685,1685,TRUE,0
10051,1686,1686,TRUE,0
10051,1687,1687,TRUE,0
10051,1688,1688,TRUE,0
10051,1689,1689,TRUE,0
10051,1690,1690,TRUE,0
10051,1691,1691,TRUE,0
10051,1692,1692,TRUE,0
10051,1693,1693,TRUE,0
10051,1694,1694,TRUE,0
10051,1695,1695,TRUE,0
10051,1696,1696,TRUE,0
10051,1697,1697,TRUE,0
10051,1698,1698,TRUE,0
10051,1699,1699,TRUE,0
10051,1700,1700,TRUE,0
10201,1701,1701,TRUE,0
10201,1702,1702,TRUE,0
10201,1703,1703,TRUE,0
10201,1704,1704,TRUE,0
10201,1705,1705,TRUE,0
10201,1706,1706,TRUE,0
10201,1707,1707,TRUE,0
10201,1708,1708,TRUE,0
10201,1709,1709,TRUE,0
10201,1710,1710,TRUE,0
10201,1711,1711,TRUE,0
10201,1712,1712,TRUE,0
10201,1713,1713,TRUE,0
10201,1714,1714,TRUE,0
10201,1715,1715,TRUE,0
10201,1716,1716,TRUE,0
10201,1717,1717,TRUE,0
10201,1718,1718,TRUE,0
10201,1719,1719,TRUE,0
10201,1720,1720,TRUE,0
10201,1721,1721,TRUE,0
10201,1722,1722,TRUE,0
10201,1723,1723,TRUE,0
10201,1724,1724,TRUE,0
10201,1725,1725,TRUE,0
10351,1726,1726,TRUE,0
10351,1727,1727,TRUE,0
10351,1728,1728,TRUE,0
10351,1729,1729,TRUE,0
10351,1730,1730,TRUE,0
10351,1731,1731,TRUE,0
10351,1732,1732,TRUE,0
10351,1733,1733,TRUE,0
10351,1734,1734,TRUE,0
10351,1735,1735,TRUE,0
10351,1736,1736,TRUE,0
10351,1737,1737,TRUE,0
10351,1738,1738,TRUE,0
10351,1739,1739,TRUE,0
10351,1740,1740,TRUE,0
10351,1741,1741,TRUE,0
10351,1742,1742,TRUE,0
10351,1743,1743,TRUE,0
10351,1744,1744,TRUE,0
10351,1745,1745,TRUE,0
10351,1746,1746,TRUE,0
10351,1747,1747,TRUE,0
10351,1748,1748,TRUE,0
10351,1749,1749,TRUE,0
10351,1750,1750,TRUE,0
10501,1751,1751,TRUE,0
10501,1752,1752,TRUE,0
10501,1753,1753,TRUE,0
10501,1754,1754,TRUE,0
10501,1755,1755,TRUE,0
10501,1756,1756,TRUE,0
10501,1757,1757,TRUE,0
10501,1758,1758,TRUE,0
10501,1759,1759,TRUE,0
10501,1760,1760,TRUE,0
10501,1761,1761,TRUE,0
10501,1762,1762,TRUE,0
10501,1763,1763,TRUE,0
10501,1764,1764,TRUE,0
10501,1765,1765,TRUE,0
10501,1766,1766,TRUE,0
10501,1767,1767,TRUE,0
10501,1768,1768,TRUE,0
10501,1769,1769,TRUE,0
10501,1770,1770,TRUE,0
10501,1771,1771,TRUE,0
10501,1772,1772,TRUE,0
10501,1773,1773,TRUE,0
10501,1774,1774,TRUE,0
10501,1775,1775,TRUE,0
10651,1776,1776,TRUE,0
10651,1777,1777,TRUE,0
10651,1778,1778,TRUE,0
10651,1779,1779,TRUE,0
10651,1780,1780,TRUE,0
10651,1781,1781,TRUE,0
10651,1782,1782,TRUE,0
10651,1783,1783,TRUE,0
10651,1784,1784,TRUE,0
10651,1785,1785,TRUE,0
10651,1786,1786,TRUE,0
10651,1787,1787,TRUE,0
10651,1788,1788,TRUE,0
10651,1789,1789,TRUE,0
10651,1790,1790,TRUE,0
10651,1791,1791,TRUE,0
10651,1792,1792,TRUE,0
10651,1793,1793,TRUE,0
10651,1794,1794,TRUE,0
10651,1795,1795,TRUE,0
10651,1796,1796,TRUE,0
10651,1797,1797,TRUE,0
10651,1798,1798,TRUE,0
10651,1799,1799,TRUE,0
10651,1800,1800,TRUE,0
10801,1801,1801,TRUE,0
10801,1802,1802,TRUE,0
10801,1803,1803,TRUE,0
10801,1804,1804,TRUE,0
10801,1805,1805,TRUE,0
10801,1806,1806,TRUE,0
10801,1807,1807,TRUE,0
10801,1808,1808,TRUE,0
10801,1809,1809,TRUE,0
10801,1810,1810,TRUE,0
10801,1811,1811,TRUE,0
10801,1812,1812,TRUE,0
10801,1813,1813,TRUE,0
10801,1814,1814,TRUE,0
10801,1815,1815,TRUE,0
10801,1816,1816,TRUE,0
10801,1817,1817,TRUE,0
10801,1818,1818,TRUE,0
10801,1819,1819,TRUE,0
10801,1820,1820,TRUE,0
10801,1821,1821,TRUE,0
10801,1822,1822,TRUE,0
10801,1823,1823,TRUE,0
10801,1824,1824,TRUE,0
10801,1825,1825,TRUE,0
10951,1826,1826,TRUE,0
10951,1827,1827,TRUE,0
10951,1828,1828,TRUE,0
10951,1829,1829,TRUE,0
10951,1830,1830,TRUE,0
10951,1831,1831,TRUE,0
10951,1832,1832,TRUE,0
10951,1833,1833,TRUE,0
10951,1834,1834,TRUE,0
10951,1835,1835,TRUE,0
10951,1836,1836,TRUE,0
10951,1837,1837,TRUE,0
10951,1838,1838,TRUE,0
10951,1839,1839,TRUE,0
10951,1840,1840,TRUE,0
10951,1841,1841,TRUE,0
10951,1842,1842,TRUE,0
10951,1843,1843,TRUE,0
10951,1844,1844,TRUE,0
10951,1845,1845,TRUE,0
10951,1846,1846,TRUE,0
10951,1847,1847,TRUE,0
10951,1848,1848,TRUE,0
10951,1849,1849,TRUE,0
10951,1850,1850,TRUE,0
11101,1851,1851,TRUE,0
11101,1852,1852,TRUE,0
11101,1853,1853,TRUE,0
11101,1854,1854,TRUE,0
11101,1855,1855,TRUE,0
11101,1856,1856,TRUE,0
11101,1857,1857,TRUE,0
11101,1858,1858,TRUE,0
11101,1859,1859,TRUE,0
11101,1860,1860,TRUE,0
11101,1861,1861,TRUE,0
11101,1862,1862,TRUE,0
11101,1863,1863,TRUE,0
11101,1864,1864,TRUE,0
11101,1865,1865,TRUE,0
11101,1866,1866,TRUE,0
11101,1867,1867,TRUE,0
11101,1868,1868,TRUE,0
11101,1869,1869,TRUE,0
11101,1870,1870,TRUE,0
11101,1871,1871,TRUE,0
11101,1872,1872,TRUE,0
11101,1873,1873,TRUE,0
11101,1874,1874,TRUE,0
11101,1875,1875,TRUE,0
11251,1876,1876,TRUE,0
11251,1877,1877,TRUE,0
11251,1878,1878,TRUE,0
11251,1879,1879,TRUE,0
11251,1880,1880,TRUE,0
11251,1881,1881,TRUE,0
11251,1882,1882,TRUE,0
11251,1883,1883,TRUE,0
11251,1884,1884,TRUE,0
11251,1885,1885,TRUE,0
11251,1886,1886,TRUE,0
11251,1887,1887,TRUE,0
11251,1888,1888,TRUE,0
11251,1889,1889,TRUE,0
11251,1890,1890,TRUE,0
11251,1891,1891,TRUE,0
11251,1892,1892,TRUE,0
11251,1893,1893,TRUE,0
11251,1894,1894,TRUE,0
11251,1895,1895,TRUE,0
11251,1896,1896,TRUE,0
11251,1897,1897,TRUE,0
11251,1898,1898,TRUE,0
11251,1899,1899,TRUE,0
11251,1900,1900,TRUE,0
11401,1901,1901,TRUE,0
11401,1902,1902,TRUE,0
11401,1903,1903,TRUE,0
11401,1904,1904,TRUE,0
11401,1905,1905,TRUE,0
11401,1906,1906,TRUE,0
11401,1907,1907,TRUE,0
11401,1908,1908,TRUE,0
11401,1909,1909,TRUE,0
11401,1910,1910,TRUE,0
11401,1911,1911,TRUE,0
11401,1912,1912,TRUE,0
11401,1913,1913,TRUE,0
11401,1914,1914,TRUE,0
11401,1915,1915,TRUE,0
11401,1916,1916,TRUE,0
11401,1917,1917,TRUE,0
11401,1918,1918,TRUE,0
11401,1919,1919,TRUE,0
11401,1920,1920,TRUE,0
11401,1921,1921,TRUE,0
11401,1922,1922,TRUE,0
11401,1923,1923,TRUE,0
11401,1924,1924,TRUE,0
11401,1925,1925,TRUE,0
11551,1926,1926,TRUE,0
11551,1927,1927,TRUE,0
11551,1928,1928,TRUE,0
11551,1929,1929,TRUE,0
11551,1930,1930,TRUE,0
11551,1931,1931,TRUE,0
11551,1932,1932,TRUE,0
11551,1933,1933,TRUE,0
11551,1934,1934,TRUE,0
11551,1935,1935,TRUE,0
11551,1936,1936,TRUE,0
11551,1937,1937,TRUE,0
11551,1938,1938,TRUE,0
11551,1939,1939,TRUE,0
11551,1940,1940,TRUE,0
11551,1941,1941,TRUE,0
11551,1942,1942,TRUE,0
11551,1943,1943,TRUE,0
11551,1944,1944,TRUE,0
11551,1945,1945,TRUE,0
11551,1946,1946,TRUE,0
11551,1947,1947,TRUE,0
11551,1948,1948,TRUE,0
11551,1949,1949,TRUE,0
11551,1950,1950,TRUE,0
11701,1951,1951,TRUE,0
11701,1952,1952,TRUE,0
11701,1953,1953,TRUE,0
11701,1954,1954,TRUE,0
11701,1955,1955,TRUE,0
11701,1956,1956,TRUE,0
11701,1957,1957,TRUE,0
11701,1958,1958,TRUE,0
11701,1959,1959,TRUE,0
11701,1960,1960,TRUE,0
11701,1961,1961,TRUE,0
11701,1962,1962,TRUE,0
11701,1963,1963,TRUE,0
11701,1964,1964,TRUE,0
11701,1965,1965,TRUE,0
11701,1966,1966,TRUE,0
11701,1967,1967,TRUE,0
11701,1968,1968,TRUE,0
11701,1969,1969,TRUE,0
11701,1970,1970,TRUE,0
11701,1971,1971,TRUE,0
11701,1972,1972,TRUE,0
11701,1973,1973,TRUE,0
11701,1974,1974,TRUE,0
11701,1975,1975,TRUE,0
11851,1976,1976,TRUE,0
11851,1977,1977,TRUE,0
11851,1978,1978,TRUE,0
11851,1979,1979,TRUE,0
11851,1980,1980,TRUE,0
11851,1981,1981,TRUE,0
11851,1982,1982,TRUE,0
11851,1983,1983,TRUE,0
11851,1984,1984,TRUE,0
11851,1985,1985,TRUE,0
11851,1986,1986,TRUE,0
11851,1987,1987,TRUE,0
11851,1988,1988,TRUE,0
11851,1989,1989,TRUE,0
11851,1990,1990,TRUE,0
11851,1991,1991,TRUE,0
11851,1992,1992,TRUE,0
11851,1993,1993,TRUE,0
11851,1994,1994,TRUE,0
11851,1995,1995,TRUE,0
11851,1996,1996,TRUE,0
11851,1997,1997,TRUE,0
11851,1998,1998,TRUE,0
11851,1999,1999,TRUE,0
11851,2000,2000,TRUE,0
12001,2001,2001,TRUE,0
12001,2002,2002,TRUE,0
12001,2003,2003,TRUE,0
12001,2004,2004,TRUE,0
12001,2005,2005,TRUE,0
12001,2006,2006,TRUE,0
12001,2007,2007,TRUE,0
12001,2008,2008,TRUE,0
12001,2009,2009,TRUE,0
12001,2010,2010,TRUE,0
12001,2011,2011,TRUE,0
12001,2012,2012,TRUE,0
12001,2013,2013,TRUE,0
12001,2014,2014,TRUE,0
12001,2015,2015,TRUE,0
12001,2016,2016,TRUE,0
12001,2017,2017,TRUE,0
12001,2018,2018,TRUE,0
12001,2019,2019,TRUE,0
12001,2020,2020,TRUE,0
12001,2021,2021,TRUE,0
12001,2022,2022,TRUE,0
12001,2023,2023,TRUE,0
12001,2024,2024,TRUE,0
12001,2025,2025,TRUE,0
12151,2026,2026,TRUE,0
12151,2027,2027,TRUE,0
12151,2028,2028,TRUE,0
12151,2029,2029,TRUE,0
12151,2030,2030,TRUE,0
12151,2031,2031,TRUE,0
12151,2032,2032,TRUE,0
12151,2033,2033,TRUE,0
12151,2034,2034,TRUE,0
12151,2035,2035,TRUE,0
12151,2036,2036,TRUE,0
12151,2037,2037,TRUE,0
12151,2038,2038,TRUE,0
12151,2039,2039,TRUE,0
12151,2040,2040,TRUE,0
12151,2041,2041,TRUE,0
12151,2042,2042,TRUE,0
12151,2043,2043,TRUE,0
12151,2044,2044,TRUE,0
12151,2045,2045,TRUE,0
12151,2046,2046,TRUE,0
12151,2047,2047,TRUE,0
12151,2048,2048,TRUE,0
12151,2049,2049,TRUE,0
12151,2050,2050,TRUE,0
12301,2051,2051,TRUE,0
12301,2052,2052,TRUE,0
12301,2053,2053,TRUE,0
12301,2054,2054,TRUE,0
12301,2055,2055,TRUE,0
12301,2056,2056,TRUE,0
12301,2057,2057,TRUE,0
12301,2058,2058,TRUE,0
12301,2059,2059,TRUE,0
12301,2060,2060,TRUE,0
12301,2061,2061,TRUE,0
12301,2062,2062,TRUE,0
12301,2063,2063,TRUE,0
12301,2064,2064,TRUE,0
12301,2065,2065,TRUE,0
12301,2066,2066,TRUE,0
12301,2067,2067,TRUE,0
12301,2068,2068,TRUE,0
12301,2069,2069,TRUE,0
12301,2070,2070,TRUE,0
12301,2071,2071,TRUE,0
12301,2072,2072,TRUE,0
12301,2073,2073,TRUE,0
12301,2074,2074,TRUE,0
12301,2075,2075,TRUE,0
12451,2076,2076,TRUE,0
12451,2077,2077,TRUE,0
12451,2078,2078,TRUE,0
12451,2079,2079,TRUE,0
12451,2080,2080,TRUE,0
12451,2081,2081,TRUE,0
12451,2082,2082,TRUE,0
12451,2083,2083,TRUE,0
12451,2084,2084,TRUE,0
12451,2085,2085,TRUE,0
12451,2086,2086,TRUE,0
12451,2087,2087,TRUE,0
12451,2088,2088,TRUE,0
12451,2089,2089,TRUE,0
12451,2090,2090,TRUE,0
12451,2091,2091,TRUE,0
12451,2092,2092,TRUE,0
12451,2093,2093,TRUE,0
12451,2094,2094,TRUE,0
12451,2095,2095,TRUE,0
12451,2096,2096,TRUE,0
12451,2097,2097,TRUE,0
12451,2098,2098,TRUE,0
12451,2099,2099,TRUE,0
12451,2100,2100,TRUE,0
12601,2101,2101,TRUE,0
12601,2102,2102,TRUE,0
12601,2103,2103,TRUE,0
12601,2104,2104,TRUE,0
12601,2105,2105,TRUE,0
12601,2106,2106,TRUE,0
12601,2107,2107,TRUE,0
12601,2108,2108,TRUE,0
12601,2109,2109,TRUE,0
12601,2110,2110,TRUE,0
12601,2111,2111,TRUE,0
12601,2112,2112,TRUE,0
12601,2113,2113,TRUE,0
12601,2114,2114,TRUE,0
12601,2115,2115,TRUE,0
12601,2116,2116,TRUE,0
12601,2117,2117,TRUE,0
12601,2118,2118,TRUE,0
12601,2119,2119,TRUE,0
12601,2120,2120,TRUE,0
12601,2121,2121,TRUE,0
12601,2122,2122,TRUE,0
12601,2123,2123,TRUE,0
12601,2124,2124,TRUE,0
12601,2125,2125,TRUE,0
12751,2126,2126,TRUE,0
12751,2127,2127,TRUE,0
12751,2128,2128,TRUE,0
12751,2129,2129,TRUE,0
12751,2130,2130,TRUE,0
12751,2131,2131,TRUE,0
12751,2132,2132,TRUE,0
12751,2133,2133,TRUE,0
12751,2134,2134,TRUE,0
12751,2135,2135,TRUE,0
12751,2136,2136,TRUE,0
12751,2137,2137,TRUE,0
12751,2138,2138,TRUE,0
12751,2139,2139,TRUE,0
12751,2140,2140,TRUE,0
12751,2141,2141,TRUE,0
12751,2142,2142,TRUE,0
12751,2143,2143,TRUE,0
12751,2144,2144,TRUE,0
12751,2145,2145,TRUE,0
12751,2146,2146,TRUE,0
12751,2147,2147,TRUE,0
12751,2148,2148,TRUE,0
12751,2149,2149,TRUE,0
12751,2150,2150,TRUE,0
12901,2151,2151,TRUE,0
12901,2152,2152,TRUE,0
12901,2153,2153,TRUE,0
12901,2154,2154,TRUE,0
12901,2155,2155,TRUE,0
12901,2156,2156,TRUE,0
12901,2157,2157,TRUE,0
12901,2158,2158,TRUE,0
12901,2159,2159,TRUE,0
12901,2160,2160,TRUE,0
12901,2161,2161,TRUE,0
12901,2162,2162,TRUE,0
12901,2163,2163,TRUE,0
12901,2164,2164,TRUE,0
12901,2165,2165,TRUE,0
12901,2166,2166,TRUE,0
12901,2167,2167,TRUE,0
12901,2168,2168,TRUE,0
12901,2169,2169,TRUE,0
12901,2170,2170,TRUE,0
12901,2171,2171,TRUE,0
12901,2172,2172,TRUE,0
12901,2173,2173,TRUE,0
12901,2174,2174,TRUE,0
12901,2175,2175,TRUE,0
13051,2176,2176,TRUE,0
13051,2177,2177,TRUE,0
13051,2178,2178,TRUE,0
13051,2179,2179,TRUE,0
13051,2180,2180,TRUE,0
13051,2181,2181,TRUE,0
13051,2182,2182,TRUE,0
13051,2183,2183,TRUE,0
13051,2184,2184,TRUE,0
13051,2185,2185,TRUE,0
13051,2186,2186,TRUE,0
13051,2187,2187,TRUE,0
13051,2188,2188,TRUE,0
13051,2189,2189,TRUE,0
13051,2190,2190,TRUE,0
13051,2191,2191,TRUE,0
13051,2192,2192,TRUE,0
13051,2193,2193,TRUE,0
13051,2194,2194,TRUE,0
13051,2195,2195,TRUE,0
13051,2196,2196,TRUE,0
13051,2197,2197,TRUE,0
13051,2198,2198,TRUE,0
13051,2199,2199,TRUE,0
13051,2200,2200,TRUE,0
13201,2201,2201,TRUE,0
13201,2202,2202,TRUE,0
13201,2203,2203,TRUE,0
13201,2204,2204,TRUE,0
13201,2205,2205,TRUE,0
13201,2206,2206,TRUE,0
13201,2207,2207,TRUE,0
13201,2208,2208,TRUE,0
13201,2209,2209,TRUE,0
13201,2210,2210,TRUE,0
13201,2211,2211,TRUE,0
13201,2212,2212,TRUE,0
13201,2213,2213,TRUE,0
13201,2214,2214,TRUE,0
13201,2215,2215,TRUE,0
13201,2216,2216,TRUE,0
13201,2217,2217,TRUE,0
13201,2218,2218,TRUE,0
13201,2219,2219,TRUE,0
13201,2220,2220,TRUE,0
13201,2221,2221,TRUE,0
13201,2222,2222,TRUE,0
13201,2223,2223,TRUE,0
13201,2224,2224,TRUE,0
13201,2225,2225,TRUE,0
13351,2226,2226,TRUE,0
13351,2227,2227,TRUE,0
13351,2228,2228,TRUE,0
13351,2229,2229,TRUE,0
13351,2230,2230,TRUE,0
13351,2231,2231,TRUE,0
13351,2232,2232,TRUE,0
13351,2233,2233,TRUE,0
13351,2234,2234,TRUE,0
13351,2235,2235,TRUE,0
13351,2236,2236,TRUE,0
13351,2237,2237,TRUE,0
13351,2238,2238,TRUE,0
13351,2239,2239,TRUE,0
13351,2240,2240,TRUE,0
13351,2241,2241,TRUE,0
13351,2242,2242,TRUE,0
13351,2243,2243,TRUE,0
13351,2244,2244,TRUE,0
13351,2245,2245,TRUE,0
13351,2246,2246,TRUE,0
13351,2247,2247,TRUE,0
13351,2248,2248,TRUE,0
13351,2249,2249,TRUE,0
13351,2250,2250,TRUE,0
13501,2251,2251,TRUE,0
13501,2252,2252,TRUE,0
13501,2253,2253,TRUE,0
13501,2254,2254,TRUE,0
13501,2255,2255,TRUE,0
13501,2256,2256,TRUE,0
13501,2257,2257,TRUE,0
13501,2258,2258,TRUE,0
13501,2259,2259,TRUE,0
13501,2260,2260,TRUE,0
13501,2261,2261,TRUE,0
13501,2262,2262,TRUE,0
13501,2263,2263,TRUE,0
13501,2264,2264,TRUE,0
13501,2265,2265,TRUE,0
13501,2266,2266,TRUE,0
13501,2267,2267,TRUE,0
13501,2268,2268,TRUE,0
13501,2269,2269,TRUE,0
13501,2270,2270,TRUE,0
13501,2271,2271,TRUE,0
13501,2272,2272,TRUE,0
13501,2273,2273,TRUE,0
13501,2274,2274,TRUE,0
13501,2275,2275,TRUE,0
13651,2276,2276,TRUE,0
13651,2277,2277,TRUE,0
13651,2278,2278,TRUE,0
13651,2279,2279,TRUE,0
13651,2280,2280,TRUE,0
13651,2281,2281,TRUE,0
13651,2282,2282,TRUE,0
13651,2283,2283,TRUE,0
13651,2284,2284,TRUE,0
13651,2285,2285,TRUE,0
13651,2286,2286,TRUE,0
13651,2287,2287,TRUE,0
13651,2288,2288,TRUE,0
13651,2289,2289,TRUE,0
13651,2290,2290,TRUE,0
13651,2291,2291,TRUE,0
13651,2292,2292,TRUE,0
13651,2293,2293,TRUE,0
13651,2294,2294,TRUE,0
13651,2295,2295,TRUE,0
13651,2296,2296,TRUE,0
13651,2297,2297,TRUE,0
13651,2298,2298,TRUE,0
13651,2299,2299,TRUE,0
13651,2300,2300,TRUE,0
13801,2301,2301,TRUE,0
13801,2302,2302,TRUE,0
13801,2303,2303,TRUE,0
13801,2304,2304,TRUE,0
13801,2305,2305,TRUE,0
13801,2306,2306,TRUE,0
13801,2307,2307,TRUE,0
13801,2308,2308,TRUE,0
13801,2309,2309,TRUE,0
13801,2310,2310,TRUE,0
13801,2311,2311,TRUE,0
13801,2312,2312,TRUE,0
13801,2313,2313,TRUE,0
13801,2314,2314,TRUE,0
13801,2315,2315,TRUE,0
13801,2316,2316,TRUE,0
13801,2317,2317,TRUE,0
13801,2318,2318,TRUE,0
13801,2319,2319,TRUE,0
13801,2320,2320,TRUE,0
13801,2321,2321,TRUE,0
13801,2322,2322,TRUE,0
13801,2323,2323,TRUE,0
13801,2324,2324,TRUE,0
13801,2325,2325,TRUE,0
13951,2326,2326,TRUE,0
13951,2327,2327,TRUE,0
13951,2328,2328,TRUE,0
13951,2329,2329,TRUE,0
13951,2330,2330,TRUE,0
13951,2331,2331,TRUE,0
13951,2332,2332,TRUE,0
13951,2333,2333,TRUE,0
13951,2334,2334,TRUE,0
13951,2335,2335,TRUE,0
13951,2336,2336,TRUE,0
13951,2337,2337,TRUE,0
13951,2338,2338,TRUE,0
13951,2339,2339,TRUE,0
13951,2340,2340,TRUE,0
13951,2341,2341,TRUE,0
13951,2342,2342,TRUE,0
13951,2343,2343,TRUE,0
13951,2344,2344,TRUE,0
13951,2345,2345,TRUE,0
13951,2346,2346,TRUE,0
13951,2347,2347,TRUE,0
13951,2348,2348,TRUE,0
13951,2349,2349,TRUE,0
13951,2350,2350,TRUE,0
14101,2351,2351,TRUE,0
14101,2352,2352,TRUE,0
14101,2353,2353,TRUE,0
14101,2354,2354,TRUE,0
14101,2355,2355,TRUE,0
14101,2356,2356,TRUE,0
14101,2357,2357,TRUE,0
14101,2358,2358,TRUE,0
14101,2359,2359,TRUE,0
14101,2360,2360,TRUE,0
14101,2361,2361,TRUE,0
14101,2362,2362,TRUE,0
14101,2363,2363,TRUE,0
14101,2364,2364,TRUE,0
14101,2365,2365,TRUE,0
14101,2366,2366,TRUE,0
14101,2367,2367,TRUE,0
14101,2368,2368,TRUE,0
14101,2369,2369,TRUE,0
14101,2370,2370,TRUE,0
14101,2371,2371,TRUE,0
14101,2372,2372,TRUE,0
14101,2373,2373,TRUE,0
14101,2374,2374,TRUE,0
14101,2375,2375,TRUE,0
14251,2376,2376,TRUE,0
14251,2377,2377,TRUE,0
14251,2378,2378,TRUE,0
14251,2379,2379,TRUE,0
14251,2380,2380,TRUE,0
14251,2381,2381,TRUE,0
14251,2382,2382,TRUE,0
14251,2383,2383,TRUE,0
14251,2384,2384,TRUE,0
14251,2385,2385,TRUE,0
14251,2386,2386,TRUE,0
14251,2387,2387,TRUE,0
14251,2388,2388,TRUE,0
14251,2389,2389,TRUE,0
14251,2390,2390,TRUE,0
14251,2391,2391,TRUE,0
14251,2392,2392,TRUE,0
14251,2393,2393,TRUE,0
14251,2394,2394,TRUE,0
14251,2395,2395,TRUE,0
14251,2396,2396,TRUE,0
14251,2397,2397,TRUE,0
14251,2398,2398,TRUE,0
14251,2399,2399,TRUE,0
14251,2400,2400,TRUE,0
14401,2401,2401,TRUE,0
14401,2402,2402,TRUE,0
14401,2403,2403,TRUE,0
14401,2404,2404,TRUE,0
14401,2405,2405,TRUE,0
14401,2406,2406,TRUE,0
14401,2407,2407,TRUE,0
14401,2408,2408,TRUE,0
14401,2409,2409,TRUE,0
14401,2410,2410,TRUE,0
14401,2411,2411,TRUE,0
14401,2412,2412,TRUE,0
14401,2413,2413,TRUE,0
14401,2414,2414,TRUE,0
14401,2415,2415,TRUE,0
14401,2416,2416,TRUE,0
14401,2417,2417,TRUE,0
14401,2418,2418,TRUE,0
14401,2419,2419,TRUE,0
14401,2420,2420,TRUE,0
14401,2421,2421,TRUE,0
14401,2422,2422,TRUE,0
14401,2423,2423,TRUE,0
14401,2424,2424,TRUE,0
14401,2425,2425,TRUE,0
14551,2426,2426,TRUE,0
14551,2427,2427,TRUE,0
14551,2428,2428,TRUE,0
14551,2429,2429,TRUE,0
14551,2430,2430,TRUE,0
14551,2431,2431,TRUE,0
14551,2432,2432,TRUE,0
14551,2433,2433,TRUE,0
14551,2434,2434,TRUE,0
14551,2435,2435,TRUE,0
14551,2436,2436,TRUE,0
14551,2437,2437,TRUE,0
14551,2438,2438,TRUE,0
14551,2439,2439,TRUE,0
14551,2440,2440,TRUE,0
14551,2441,2441,TRUE,0
14551,2442,2442,TRUE,0
14551,2443,2443,TRUE,0
14551,2444,2444,TRUE,0
14551,2445,2445,TRUE,0
14551,2446,2446,TRUE,0
14551,2447,2447,TRUE,0
14551,2448,2448,TRUE,0
14551,2449,2449,TRUE,0
14551,2450,2450,TRUE,0
14701,2451,2451,TRUE,0
14701,2452,2452,TRUE,0
14701,2453,2453,TRUE,0
14701,2454,2454,TRUE,0
14701,2455,2455,TRUE,0
14701,2456,2456,TRUE,0
14701,2457,2457,TRUE,0
14701,2458,2458,TRUE,0
14701,2459,2459,TRUE,0
14701,2460,2460,TRUE,0
14701,2461,2461,TRUE,0
14701,2462,2462,TRUE,0
14701,2463,2463,TRUE,0
14701,2464,2464,TRUE,0
14701,2465,2465,TRUE,0
14701,2466,2466,TRUE,0
14701,2467,2467,TRUE,0
14701,2468,2468,TRUE,0
14701,2469,2469,TRUE,0
14701,2470,2470,TRUE,0
14701,2471,2471,TRUE,0
14701,2472,2472,TRUE,0
14701,2473,2473,TRUE,0
14701,2474,2474,TRUE,0
14701,2475,2475,TRUE,0
14851,2476,2476,TRUE,0
14851,2477,2477,TRUE,0
14851,2478,2478,TRUE,0
14851,2479,2479,TRUE,0
14851,2480,2480,TRUE,0
14851,2481,2481,TRUE,0
14851,2482,2482,TRUE,0
14851,2483,2483,TRUE,0
14851,2484,2484,TRUE,0
14851,2485,2485,TRUE,0
14851,2486,2486,TRUE,0
14851,2487,2487,TRUE,0
14851,2488,2488,TRUE,0
14851,2489,2489,TRUE,0
14851,2490,2490,TRUE,0
14851,2491,2491,TRUE,0
14851,2492,2492,TRUE,0
14851,2493,2493,TRUE,0
14851,2494,2494,TRUE,0
14851,2495,2495,TRUE,0
14851,2496,2496,TRUE,0
14851,2497,2497,TRUE,0
14851,2498,2498,TRUE,0
14851,2499,2499,TRUE,0
14851,2500,2500,TRUE,0
