"dataset","year","lower_95","q1","median","q3","upper_95"
"new_replication",2010,111,227.75,320,442,754.525
"new_replication",2011,729.9,1132.75,1421,1794.25,2867.65
"new_replication",2012,545.475,1150,1600.5,2142.25,3595.3
"new_replication",2013,207.475,536.75,845,1307.25,2512.925
"new_replication",2014,147,333,504,749,1455.15
"new_replication",2015,76.475,197,313,477,1019.15
"new_replication",2016,83,172.75,258,381,762.575
"new_replication",2017,130,248,340,455,822.525
"new_replication",2018,284.475,439,541,671,992
"new_replication",2019,355,542.5,663,801.25,1139.05
"repository_original",2010,111,227.75,320,442,754.525
"repository_original",2011,729.9,1132.75,1421,1794.25,2867.65
"repository_original",2012,545.475,1150,1600.5,2142.25,3595.3
"repository_original",2013,207.475,536.75,845,1307.25,2512.925
"repository_original",2014,147,333,504,749,1455.15
"repository_original",2015,76.475,197,313,477,1019.15
"repository_original",2016,83,172.75,258,381,762.575
"repository_original",2017,130,248,340,455,822.525
"repository_original",2018,284.475,439,541,671,992
"repository_original",2019,355,542.5,663,801.25,1139.05
